{"log10mw": [5.825426117767823, 5.643452676486188, 5.198657086954422, 4.8750612633917, 4.633468455579586], "Kav": [0.014079908174007349, 0.09520876822645347, 0.21900323932116744, 0.3882924611509555, 0.5372966459359736], "Vc": 3, "Vo": 1.0619375, "intercept": 2.452489458521109, "slope": -0.420558476508456}