{"log10mw": [4.8750612633917, 4.633468455579586, 4.462397997898956, 4.136720567156407, 3.8129133566428557], "Kav": [0.08439414805765628, 0.1286234252511725, 0.25163765976527064, 0.385341669225413, 0.5584992247411721], "Vc": 3, "Vo": 1.1246004104614258, "intercept": 2.302207127032623, "slope": -0.46087046827208383}