{"log10mw": [5.825426117767823, 5.643452676486188, 5.198657086954422, 4.8750612633917, 4.633468455579586], "Kav": [-0.010996249300483601, 0.06310331696572674, 0.2295056779535655, 0.3271780591573465, 0.3859173382313193], "Vc": 3, "Vo": 1.1689717769622803, "intercept": 1.9602407816525984, "slope": -0.33643313322056523}