{"log10mw": [5.825426117767823, 5.643452676486188, 5.198657086954422, 4.8750612633917, 4.633468455579586], "Kav": [-0.03323138441584575, 0.04567520195553115, 0.22706773110891507, 0.3162152317002048, 0.38101161371420017], "Vc": 3, "Vo": 1.1951875, "intercept": 2.0174467752591396, "slope": -0.34957489876438375}