{"log10mw": [4.8750612633917, 4.633468455579586, 4.462397997898956, 4.136720567156407, 3.8129133566428557], "Kav": [0.08686659925424926, 0.12073721452206121, 0.24306802146868806, 0.3690831366515032, 0.5433697813981371], "Vc": 3, "Vo": 1.1088299751281738, "intercept": 2.2224101122084807, "slope": -0.4447388697222272}