{"log10mw": [4.8750612633917, 4.633468455579586, 4.462397997898956, 4.136720567156407, 3.8129133566428557], "Kav": [-0.007891057704661357, 0.1155666050704407, 0.2549643548454668, 0.38511760514550564, 0.5332372095745935], "Vc": 3, "Vo": 1.1197604166666646, "intercept": 2.48947714701024, "slope": -0.5094025965741089}