{"log10mw": [5.825426117767823, 5.643452676486188, 5.198657086954422, 4.8750612633917, 4.633468455579586], "Kav": [-0.0342732262170728, 0.04205448755225424, 0.22259352779210373, 0.3125017572818566, 0.3612661720364847], "Vc": 3, "Vo": 1.1388541666666645, "intercept": 1.952301852329725, "slope": -0.3383765413218626}