{"log10mw": [5.826074802700826, 5.198657086954422, 4.643452676486188, 4.230448921378274, 3.130333768495006], "Kav": [0.7831805500199283, 0.568945485277151, 0.0821687691833243, 0.3180158317353634, 0.5815212513575071], "Vc": 3, "Vo": 1.11825, "intercept": 0.11387355744139799, "slope": 0.07661933254542451}