{"log10mw": [5.826074802700826, 5.198657086954422, 4.643452676486188, 4.230448921378274, 3.130333768495006], "Kav": [0.014079907931777099, 0.09520876643744863, 0.21900323933707658, 0.3882924611490228, 0.5372966459360458], "Vc": 3, "Vo": 1.0619375, "intercept": 1.1992349670453097, "slope": -0.2059273332457661}