{"log10mw": [4.8750612633917, 4.633468455579586, 4.462397997898956, 4.136720567156407, 3.8129133566428557], "Kav": [0.000564990093964655, 0.12038777328306408, 0.26440456773223914, 0.3856765294354957, 0.5408890700041067], "Vc": 3, "Vo": 1.1006666666666645, "intercept": 2.4856986202586895, "slope": -0.5071298059316081}