{"log10mw": [5.825426117767823, 5.643452676486188, 5.198657086954422, 4.8750612633917, 4.633468455579586], "Kav": [0.0903463333824106, 0.21380957632947012, 0.338313027015891, 0.48299000937277103, 0.5990176306401309], "Vc": 3, "Vo": 0.9628124999999984, "intercept": 2.454052268193372, "slope": -0.4028789095086077}