{"log10mw": [4.8750612633917, 4.633468455579586, 4.462397997898956, 4.136720567156407, 3.8129133566428557], "Kav": [-0.011541919628838692, 0.06319326665884348, 0.1620484487016876, 0.28470626152670536, 0.49416855227685813], "Vc": 3, "Vo": 1.126125, "intercept": 2.2743060229632954, "slope": -0.47348036402612104}