{"log10mw": [5.825426117767823, 5.643452676486188, 5.198657086954422, 4.8750612633917, 4.633468455579586], "Kav": [-0.00947812482573422, 0.059344713212886195, 0.22790550729281772, 0.3240531900713807, 0.3689666626050548], "Vc": 3, "Vo": 1.1451590061187744, "intercept": 1.8996574710099625, "slope": -0.325774527652271}