{"log10mw": [4.8750612633917, 4.633468455579586, 4.462397997898956, 4.136720567156407, 3.8129133566428557], "Kav": [0.04699703327411558, 0.11096417968860059, 0.2489463880598157, 0.3817642177588058, 0.5556803763293728], "Vc": 3, "Vo": 1.1112335920333862, "intercept": 2.418226351255375, "slope": -0.49026022860780755}