{"log10mw": [4.8750612633917, 4.633468455579586, 4.462397997898956, 4.136720567156407, 3.8129133566428557], "Kav": [0.0665578147434269, 0.1331759275948199, 0.2517005966754541, 0.3921124055013592, 0.5559460339025704], "Vc": 3, "Vo": 1.1222894191741943, "intercept": 2.349690923148437, "slope": -0.4721120748167324}