{"log10mw": [4.8750612633917, 4.633468455579586, 4.462397997898956, 4.136720567156407, 3.8129133566428557], "Kav": [0.06980096200439674, 0.13816659355823027, 0.2605319288565067, 0.3837309882563693, 0.5481322465162263], "Vc": 3, "Vo": 1.1171983480453491, "intercept": 2.2865404638118387, "slope": -0.45766799976759415}