{"log10mw": [4.8750612633917, 4.633468455579586, 4.462397997898956, 4.136720567156407, 3.8129133566428557], "Kav": [0.09539478686213522, 0.13600264782158059, 0.2492501190734881, 0.37546372440287895, 0.5361766349121014], "Vc": 24, "Vo": 8.446281433105469, "intercept": 2.158986129097113, "slope": -0.42894168892865114}