{"log10mw": [5.825426117767823, 5.643452676486188, 5.198657086954422, 4.8750612633917, 4.633468455579586], "Kav": [0.029578196619690945, 0.12657503299444656, 0.2799186439877326, 0.3691346554383894, 0.4130282698508954], "Vc": 24, "Vo": 9.202339172363281, "intercept": 1.9187873556892545, "slope": -0.3199755879087349}