{"log10mw": [4.8750612633917, 4.633468455579586, 4.462397997898956, 4.136720567156407, 3.8129133566428557], "Kav": [0.10268959517709918, 0.14458024752517423, 0.2600669629968071, 0.39177549757621216, 0.5595799966742532], "Vc": 24, "Vo": 8.888014793395996, "intercept": 2.2404458441408086, "slope": -0.44449303263640777}