{"log10mw": [4.8750612633917, 4.633468455579586, 4.462397997898956, 4.136720567156407, 3.8129133566428557], "Kav": [0.06764578920599798, 0.1337150234932203, 0.253647361243998, 0.39439881560112783, 0.5587677710658732], "Vc": 3, "Vo": 1.1254154443740845, "intercept": 2.3599616439572597, "slope": -0.47405872301630947}