{"log10mw": [4.8750612633917, 4.633468455579586, 4.462397997898956, 4.136720567156407, 3.8129133566428557], "Kav": [0.06332254588032997, 0.11715368758392476, 0.25244852099741943, 0.3754976607411192, 0.5353242021059922], "Vc": 3, "Vo": 1.078313946723938, "intercept": 2.2733315215264427, "slope": -0.45723787349169887}