{"log10mw": [4.8750612633917, 4.633468455579586, 4.462397997898956, 4.136720567156407, 3.8129133566428557], "Kav": [0.07095876130612169, 0.12789587790764512, 0.2503941213645485, 0.3743975260841528, 0.5425080873095236], "Vc": 3, "Vo": 1.1051961183547974, "intercept": 2.2624894554246398, "slope": -0.45374261235614144}