{"log10mw": [4.8750612633917, 4.633468455579586, 4.462397997898956, 4.136720567156407, 3.8129133566428557], "Kav": [0.0677231716211142, 0.12602851160351253, 0.24933445997219233, 0.3735357740358705, 0.5376537875756816], "Vc": 3, "Vo": 1.1112250089645386, "intercept": 2.2547729714730442, "slope": -0.4525244067721745}