{"log10mw": [5.825426117767823, 5.643452676486188, 5.198657086954422, 4.8750612633917, 4.633468455579586], "Kav": [-0.06352065700870016, 0.013638306394226245, 0.20225280381185962, 0.29851453456572713, 0.36187147179235807], "Vc": 3, "Vo": 1.2553125, "intercept": 2.0557765146773073, "slope": -0.36163288472833266}